Statement,Prediction
Who are you,0.5649999999999267
I like apples,29.19833333333331
